list,source,module,version,id,date,status,Repair type
[1],ChangeLog,ACPI,3.1,9c921c22a7f33397a6774d7fa076db9b6a0fd669,2011/7/14,Resolved,mutex_lock
[2],ChangeLog,ACPI,3.1,69d94ec6d83d84044252d9ba03f6a8970816e350,2011/8/6,Resolved
[3],ChangeLog,ACPI,3.12.25,c0d653412fc8450370167a3268b78fc772ff9c87,2014/7/7,Resolved
[4],ChangeLog,ACPI,3.12.25,66b42b78bc1e816f92b662e8888c89195e4199e1,2014/7/7,Resolved
[5],ChangeLog,Drivers,3.1,fce041beb03f93c7a771f0b4b6c45bb71ef90901,2011/6/1,Resolved
[6],ChangeLog,Drivers,3.1,febc9fe5387ed37cb329563ae29d21b41c71a9dd,2011/6/3,Resolved
[7],ChangeLog,Drivers,3.1,a7d529ae2158b5300e4aa16c21f1828bc864449b,2011/6/24,Resolved
[8],ChangeLog,Drivers,3.1,a929cbeef7d8e5c3603a6f43b977c03c922aada3,2011/6/29,Resolved
[9],ChangeLog,Drivers,3.1,f127f4727f3f60359570b6daa136ac1156e38fbf,2011/7/14,Resolved
[10],ChangeLog,Drivers,3.1,93b37905f70083d6143f5f4dba0a45cc64379a62,2011/7/16,Resolved
[11],ChangeLog,Drivers,3.1,7456caae37396fc1bc6f8e9461d07664b8c2f280,2011/7/20,Resolved
[12],ChangeLog,Drivers,3.1,b02f0c2ea25781e0f94b4fc8f6f85582057857b3,2011/7/24,Resolved
[13],ChangeLog,Drivers,3.1,a6e50b409d3f9e0833e69c3c9cca822e8fa4adbb,2011/8/2,Resolved
[14],ChangeLog,Drivers,3.1,585df1d90cb07a02ca6c7a7d339e56e46d50dafb,2011/8/9,Resolved
[15],ChangeLog,Drivers,3.1,dbb3b1ca5609d1f3848cd387d06cc60aaacf7f98,2011/8/23,Resolved
[16],ChangeLog,Drivers,3.1,1df726ef0a700587a712a3660b2caa8e533c7de9,2011/9/5,Resolved
[17],ChangeLog,Drivers,3.1,f71f94845e0126884eca8ce57a92e30b189c8e71,2011/9/15,Resolved
[18],ChangeLog,Drivers,3.1,bcac364a24c894c4cf8cf219b7863c192cd34079,2011/9/16,Resolved
[19],ChangeLog,Drivers,3.0.11,5dc2470c602da8851907ec18942cd876c3b4ecc1,2011/11/14,Resolved
[20],ChangeLog,Drivers,3.0.12,f69e3120df82391a0ee8118e0a156239a06b2afb,2011/11/14,Resolved
[21],ChangeLog,Drivers,3.0.24,9105b8b200410383d0854bbe237ee385d7d33ba6,2011/11/24,Resolved
[22],ChangeLog,Drivers,3.0.16,4ed0b577457eb6aeb7cdc7e7316576e63d15abb2,2011/12/16,Resolved
[23],ChangeLog,Drivers,3.0.72,7317c75e66fce0c9f82fbe6f72f7e5256b315422,2011/12/16,Resolved
[24],ChangeLog,Drivers,3.2.22,7ea29b13e5e3e1e61e612349eb0366efdb6457f3,2012/1/3,Resolved
[25],ChangeLog,Drivers,3.2.17,e2971bdab2b761683353da383c0fd5ac704d1cca,2012/1/3,Resolved
[26],ChangeLog,Drivers,3.0.17,eea915bb0d1358755f151eaefb8208a2d5f3e10c,2012/1/5,Resolved
[27],ChangeLog,Drivers,3.2.29,4678d6f970c2f7c0cbfefc0cc666432d153b321b,2012/1/12,Resolved
[28],ChangeLog,Drivers,3.2.3,b49ba04a3a0382e7314d990707c21094c410425a,2012/1/24,Resolved
[29],ChangeLog,Drivers,3.0.19,0eee50af5b13e00b3fb7a5fe8480419a71b8235d,2012/1/24,Resolved
[30],ChangeLog,Drivers,3.0.21,525895ba388c949aa906f26e3ec5cb1ab041f56b,2012/2/1,Resolved
[31],ChangeLog,Drivers,3.0.23,afa159538af61f1a65d48927f4e949fe514fb4fc,2012/2/14,Resolved
[32],ChangeLog,Drivers,3.0.23,bb94a406682770a35305daaa241ccdb7cab399de,2012/2/22,Resolved
[33],ChangeLog,Drivers,3.3.8,8d21547d3c9c3bc653261f26d554cfabc4a083de,2012/3/2,Resolved
[34],ChangeLog,Drivers,3.0.25,3780d038fdf4b5ef26ead10b0604ab1f46dd9510,2012/3/12,Resolved
[35],ChangeLog,Drivers,3.2.14,d0962936bff659d20522555b517582a2715fd23f,2012/3/19,Resolved
[36],ChangeLog,Drivers,3.0.29,33b69bf80a3704d45341928e4ff68b6ebd470686,2012/3/28,Resolved
[37],ChangeLog,Drivers,3.0.27,49d4bcaddca977fffdea8b0b71f6e5da96dac78e,2012/3/28,Resolved
[38],ChangeLog,Drivers,3.3.2,ed0ee0ce0a3224dab5caa088a5f8b6df25924276,2012/4/9,Resolved
[39],ChangeLog,Drivers,3.2.16,876ae50d94b02f3f523aa451b45ec5fb9c25d221,2012/4/9,Resolved
[40],ChangeLog,Drivers,3.0.29,a65a6f14dc24a90bde3f5d0073ba2364476200bf,2012/4/10,Resolved
[41],ChangeLog,Drivers,3.0.41,44e4360fa3384850d65dd36fb4e6e5f2f112709b,2012/4/12,Resolved
[42],ChangeLog,Drivers,3.0.31,ed8b0d67f33518a16c6b2450fe5ebebf180c2d04,2012/4/20,Resolved
[43],ChangeLog,Drivers,3.0.31,dd447319895d0c0af423e483d9b63f84f3f8869a,2012/4/23,Resolved
[44],ChangeLog,Drivers,3.0.31,5c22837adca7c30b66121cf18ad3e160134268d4,2012/4/26,Resolved
[45],ChangeLog,Drivers,3.2.19,07e4e556eff4938eb2edf2591de3aa7d7fb82b52,2012/5/9,Resolved
[46],ChangeLog,Drivers,3.3.8,c889e91d2cc22123f20f40dde0c0a91856a20eea,2012/5/12,Resolved
[47],ChangeLog,Drivers,3.3.8,574e02abaf816b582685805f0c1150ca9f1f18ee,2012/5/14,Resolved
[48],ChangeLog,Drivers,3.2.19,0f1dcfae6bc5563424346ad3a03282b8235a4c33,2012/5/15,Resolved
[49],ChangeLog,Drivers,3.2.29,b79d866c8b7014a51f611a64c40546109beaf24a,2012/5/22,Resolved
[50],ChangeLog,Drivers,3.0.34,f380f2c4a12e913356bd49f8790ec1063c4fe9f8,2012/5/25,Resolved
[51],ChangeLog,Drivers,3.2.21,121daad8fd1dce63076fa55aaedd5dc3f981b334,2012/5/31,Resolved
[52],ChangeLog,Drivers,3.4.3,f461f27a4436dbe691908fe08b867ef888848cc3,2012/6/3,Resolved
[53],ChangeLog,Drivers,3.0.37,cd8f76c0a0c6fce0b2cf23c9bd0123f91453f46d,2012/6/8,Resolved
[54],ChangeLog,Drivers,3.4.27,7dbb491878a2c51d372a8890fa45a8ff80358af1,2012/6/11,Resolved
[55],ChangeLog,Drivers,3.2.24,58e94ae18478c08229626daece2fc108a4a23261,2012/7/19,Resolved
[56],ChangeLog,Drivers,3.0.40,57fc2e335fd3c2f898ee73570dc81426c28dc7b4,2012/7/20,Resolved
[57],ChangeLog,Drivers,3.2.61,b485462aca7df4e32bcf7efb6f84a69e8b640243,2012/7/20,Resolved
[58],ChangeLog,Drivers,3.0.40,3b661a92e869ebe2358de8f4b3230ad84f7fce51,2012/7/20,Resolved
[59],ChangeLog,Drivers,3.2.29,02e2b124943648fba0a2ccee5c3656a5653e0151,2012/7/30,Resolved
[60],ChangeLog,Drivers,3.2.29,483001c765af6892b3fc3726576cb42f17d1d6b5,2012/7/30,Resolved
[61],ChangeLog,Drivers,3.4.8,0f566b208b41918053b2e67399673aaec02dde5d,2012/7/30,Resolved
[62],ChangeLog,Drivers,3.0.42,220329916c72ee3d54ae7262b215a050f04a18fc,2012/8/15,Resolved
[63],ChangeLog,Drivers,3.0.44,d8636a2717bb3da2a7ce2154bf08de90bb8c87b0,2012/8/22,Resolved
[64],ChangeLog,Drivers,3.2.30,6d7d9798ad5c97ee4e911dd070dc12dc5ae55bd0,2012/9/5,Resolved
[65],ChangeLog,Drivers,3.5.5,db89960e50f45274c07dc60926b5a49489b8a7a0,2012/9/12,Resolved
[66],ChangeLog,Drivers,3.4.12,0d00dc2611abbe6ad244d50569c2ee82ce42846c,2012/9/27,Resolved
[67],ChangeLog,Drivers,3.6.4,5d8c61bc283826827e1f06816c146bfc507d3834,2012/10/18,Resolved
[68],ChangeLog,Drivers,3.2.34,d5627acba9ae584cf4928af19f7ddf5f6837de32,2012/11/1,Resolved
[69],ChangeLog,Drivers,3.7.2,bd9eb7fbe69111ea0ff1f999ef4a5f26d223d1d5,2012/11/14,Resolved
[70],ChangeLog,Drivers,3.7.2,ce2fcbd99cef580623116bb33531dbc3e6f690b0,2012/11/14,Resolved
[71],ChangeLog,Drivers,3.4.23,e7c0c3fa29280d62aa5e11101a674bb3064bd791,2012/11/22,Resolved
[72],ChangeLog,Drivers,3.6.11,eac7cc52c6b410e542af431b2ee93f3d7dbfb6af,2012/11/23,Resolved
[73],ChangeLog,Drivers,3.2.43,fbb0c41b814d497c656fc7be9e35456f139cb2fb,2012/11/29,Resolved
[74],ChangeLog,Drivers,3.0.58,e196c0e579902f42cf72414461fb034e5a1ffbf7,2012/11/29,Resolved
[75],ChangeLog,Drivers,3.0.59,a394aac88506159e047630fc90dc2242568382d8,2012/11/30,Resolved
[76],ChangeLog,Drivers,3.2.36,e7d841ca03b7ab668620045cd7b428eda9f41601,2012/12/6,Resolved
[77],ChangeLog,Drivers,3.2.38,c52804a472649b2e5005342308739434cbd51119,2013/1/3,Resolved
[78],ChangeLog,Drivers,3.0.59,c0729eeefdcd76db338f635162bf0739fd2c5f6f,2013/1/4,Resolved
[79],ChangeLog,Drivers,3.7.6,7fc00a3054b70b1794c2d64db703eb467ad0365c,2013/1/11,Resolved
[80],ChangeLog,Drivers,3.0.61,0f815a0a700bc10547449bde6c106051a035a1b9,2013/1/22,Resolved
[81],ChangeLog,Drivers,3.8.6,01d4ab96d2e7fceaad204e5a8710ce34e229b8c5,2013/3/18,Resolved
[82],ChangeLog,Drivers,3.8.6,00d7ea11ff0783e24fe70778f3141270b561aaa1,2013/3/18,Resolved
[83],ChangeLog,Drivers,3.8.6,2d5d50ee596361566f7f84300117cba7d7672bc5,2013/3/20,Resolved
[84],ChangeLog,Drivers,3.8.6,c26377e62f4e6bfb4d99ef88526047209701a83f,2013/3/27,Resolved
[85],ChangeLog,Drivers,3.8.7,f1a9a149abc86903e81dd1b2e720f3f89874384b,2013/4/4,Resolved
[86],ChangeLog,Drivers,3.2.45,69b0216ac255f523556fa3d4ff030d857eaaa37f,2013/4/8,Resolved
[87],ChangeLog,Drivers,3.4.48,d3263bc29706e42f74d8800807c2dedf320d77f1,2013/4/19,Resolved
[88],ChangeLog,Drivers,3.9.3,60403f7a4d9368d187f79cba5e4672d01df37574,2013/5/9,Resolved
[89],ChangeLog,Drivers,3.0.79,233c7df0821c4190e2d3f4be0f2ca0ab40a5ed8c,2013/5/11,Resolved
[90],ChangeLog,Drivers,3.9.3,ccf5ae83a6cf3d9cfe9a7038bfe7cd38ab03d5e1,2013/5/15,Resolved
[91],ChangeLog,Drivers,3.2.46,10b3a32d292c21ea5b3ad5ca5975e88bb20b8d68,2013/5/24,Resolved
[92],ChangeLog,Drivers,3.9.5,52a2a1087b5924de00484f35ef5e2a73f61dbd22,2013/6/2,Resolved
[93],ChangeLog,Drivers,3.10.6,57ab048532c0d975538cebd4456491b5c34248f4,2013/6/6,Resolved
[94],ChangeLog,Drivers,3.4.51,76c455decbbad31de21c727edb184a963f42b40b,2013/6/12,Resolved
[95],ChangeLog,Drivers,3.2.47,df465abfe06f7dc4f33f4a96d17f096e9e8ac917,2013/6/13,Resolved
[96],ChangeLog,Drivers,3.10.2,b967613d7e7c7bad176f5627c55e2d8c5aa2480e,2013/6/13,Resolved
[97],ChangeLog,Drivers,3.10.37,95731ebb114c5f0c028459388560fc2a72fe5049,2013/6/20,Resolved
[98],ChangeLog,Drivers,3.10.5,02978ff57a5bdfbf703d2bc5a4d933a53ede3144,2013/7/10,Resolved
[99],ChangeLog,Drivers,3.10.4,6aa8f1a6ca41c49721d2de4e048d3da8d06411f9,2013/7/12,Resolved
[100],ChangeLog,Drivers,3.2.67,39ef311204941ddd01ea2950d6220c8ccc710d15,2013/7/16,Resolved
[101],ChangeLog,Drivers,3.10.5,4b18f08be01a7b3c7b6df497137b6e3cb28adaa3,2013/7/23,Resolved
[102],ChangeLog,Drivers,3.10.6,05cf0dec5ccc696a7636c84b265b477173498156,2013/7/26,Resolved
[103],ChangeLog,Drivers,3.10.6,d8a083cc746664916d9d36ed9e4d08a29525f245,2013/7/26,Resolved
[104],ChangeLog,Drivers,3.11.2,a0c516cbfc7452c8cbd564525fef66d9f20b46d1,2013/8/12,Resolved
[105],ChangeLog,Drivers,3.10.61,2cc5bfaf854463d9d1aa52091f60110fbf102a96,2013/8/26,Resolved
[106],ChangeLog,Drivers,3.11.2,1eeeef153c02f5856ec109fa532eb5f31c39f85c,2013/8/30,Resolved
[107],ChangeLog,Drivers,3.11.5,d2779e99468fd83ef1493c34f3803fec9aad8345,2013/9/4,Resolved
[108],ChangeLog,Drivers,3.10.26,9875201e10496612080e7d164acc8f625c18725c,2013/9/9,Resolved
[109],ChangeLog,Drivers,3.10.19,10c580e4239df5c3344ca00322eca86ab2de880b,2013/10/23,Resolved
[110],ChangeLog,Drivers,3.10.22,954a73d5d3073df2231820c718fdd2f18b0fe4c9,2013/11/1,Resolved
[111],ChangeLog,Drivers,3.10.34,ef0899410ff630b2e75306da49996dbbfa318165,2013/11/8,Resolved
[112],ChangeLog,Drivers,3.10.23,b869ccfab1e324507fa3596e3e1308444fb68227,2013/11/14,Resolved
[113],ChangeLog,Drivers,3.12.3,d206dcfa9809ec3409483e93b5e362f801fa0c27,2013/11/19,Resolved
[114],ChangeLog,Drivers,3.12.5,e0d59733f6b1796b8d6692642c87d7dd862c3e3a,2013/11/28,Resolved
[115],ChangeLog,Drivers,3.13.4,c7f7bd4a136e4b02dd2a66bf95aec545bd93e8db,2013/12/13,Resolved
[116],ChangeLog,Drivers,3.10.28,fe43390702a1b5741fdf217063b05c7612b38303,2013/12/17,Resolved
[117],ChangeLog,Drivers,3.10.30,5ac64ba12aca3bef18e61c866583155a3bbf81c4,2013/12/19,Resolved
[118],ChangeLog,Drivers,3.12.7,db6077fd0b7dd41dc6ff18329cec979379071f87,2013/12/19,Resolved
[119],ChangeLog,Drivers,3.10.29,543d7784b07ffd16cc82a9cb4e1e0323fd0040f1,2014/1/7,Resolved
[120],ChangeLog,Drivers,3.10.30,be35f486108227e10fe5d96fd42fb2b344c59983,2014/1/8,Resolved
[121],ChangeLog,Drivers,3.10.29,0cc7c6c7916b1b6f34350ff1473b80b9f7e459c0,2014/1/8,Resolved
[122],ChangeLog,Drivers,3.13.1,7da9d450ab2843bf1db378c156acc6304dbc1c2b,2014/1/22,Resolved
[123],ChangeLog,Drivers,3.10.29,ee291e63293146db64668e8d65eb35c97e8324f4,2014/1/30,Resolved
[124],ChangeLog,Drivers,3.13.3,5259a06ef97068b710f45d092a587e8d740f750f,2014/1/30,Resolved
[125],ChangeLog,Drivers,3.12.10,da4a04126baa3be03bc566d4a2ee0944c5e783d0,2014/1/31,Resolved
[126],ChangeLog,Drivers,3.10.39,f76a1cbed18c86e2d192455f0daebb48458965f3,2014/2/13,Resolved
[127],ChangeLog,Drivers,3.10.42,21f8aaee0c62708654988ce092838aa7df4d25d8,2014/2/20,Resolved
[128],ChangeLog,Drivers,3.10.33,5bf5dbeda2454296f1984adfbfc8e6f5965ac389,2014/2/21,Resolved
[129],ChangeLog,Drivers,3.10.36,668f9abbd4334e6c29fa8acd71635c4f9101caa7,2014/3/4,Resolved
[130],ChangeLog,Drivers,3.13.7,999976e0f6233322a878b0b7148c810544d6c8a8,2014/3/6,Resolved
[131],ChangeLog,Drivers,3.13.8,5c673b60a9b3b23486f4eda75c72e91d31d26a2b,2014/3/12,Resolved
[132],ChangeLog,Drivers,3.10.70,638c323c4d1f8eaf25224946e21ce8818f1bcee1,2014/3/29,Resolved
[133],ChangeLog,Drivers,3.10.36,e4dbedc7eac7da9db363a36f2bd4366962eeefcc,2014/3/29,Resolved
[134],ChangeLog,Drivers,3.10.42,58b116bce13612e5aa6fcd49ecbd4cf8bb59e835,2014/4/29,Resolved
[135],ChangeLog,Drivers,3.10.40,4291086b1f081b869c6d79e5b7441633dc3ace00,2014/5/3,Resolved
[136],ChangeLog,Drivers,3.12.20,62a0d8d7c2b29f92850e4ee3c38e5dfd936e92b2,2014/5/3,Resolved
[137],ChangeLog,Drivers,3.12.23,c5450db85b828d0c46ac8fc570fb8a51bf07ac40,2014/5/19,Resolved
[138],ChangeLog,Drivers,3.14.7,aa0818c6ee8d8e4772725a43550823347bc1ad30,2014/5/27,Resolved
[139],ChangeLog,Drivers,3.10.45,e144ed28bed10684f9aaec6325ed974d53f76110,2014/5/27,Resolved
[140],ChangeLog,Drivers,3.10.45,ed797074031a37bb9bf4a70952fffc606b77274d,2014/5/27,Resolved
[141],ChangeLog,Drivers,3.10.45,5a345c20c17d87099224a4be12e69e5bd7023dca,2014/5/27,Resolved
[142],ChangeLog,Drivers,3.15.2,703df3297fb1950b0aa53e656108eb936d3f21d9,2014/5/27,Resolved
[143],ChangeLog,Drivers,3.10.46,d9e93c08d8d985e5ef89436ebc9f4aad7e31559f,2014/5/27,Resolved
[144],ChangeLog,Drivers,3.10.46,170fad9e22df0063eba0701adb966786d7a4ec5a,2014/5/27,Resolved
[145],ChangeLog,Drivers,3.15.5,5b5ffff0d25060ab0e21fa0f6cd16428e87bf1ea,2014/6/24,Resolved
[146],ChangeLog,Drivers,3.10.49,10f1d5d111e8aed46a0f1179faf9a3cf422f689e,2014/7/10,Resolved
[147],ChangeLog,Drivers,3.16.3,bd994ddb2a12a3ff48cd549ec82cdceaea9614df,2014/7/17,Resolved
[148],ChangeLog,Drivers,3.15.7,2ef82d24f445e82f80e235f44eb9d1bc933e3670,2014/7/18,Resolved
[149],ChangeLog,Drivers,3.12.28,cf44819c98db11163f58f08b822d626c7a8f5188,2014/7/31,Resolved
[150],ChangeLog,Drivers,3.14.16,44fa816bb778edbab6b6ddaaf24908dd6295937e,2014/8/1,Resolved
[151],ChangeLog,Drivers,3.16.3,9cba5efab5a8145ae6c52ea273553f069c294482,2014/8/9,Resolved
[152],ChangeLog,Drivers,3.10.56,6721f28a26efd6368497abbdef5dcfc59608d899,2014/9/2,Resolved
[153],ChangeLog,Drivers,3.12.31,40aa978eccec61347cd47b97c598df49acde8be5,2014/9/10,Resolved
[154],ChangeLog,Drivers,3.12.31,40b8fe45d1f094e3babe7b2dc2b71557ab71401d,2014/9/26,Resolved
[155],ChangeLog,Drivers,3.12.31,47549650abd13d873fd2e5fc218db19e21031074,2014/10/5,Resolved
[156],ChangeLog,Drivers,3.17.2,d6d86c0a7f8ddc5b38cf089222cb1d9540762dc2,2014/10/10,Resolved
[157],ChangeLog,Drivers,3.17.3,fe0ca7328d03d36aafecebb3af650e1bb2841c20,2014/10/25,Resolved
[158],ChangeLog,Drivers,3.10.60,e4a60d139060975eb956717e4f63ae348d4d8cc5,2014/11/7,Resolved
[159],ChangeLog,Drivers,3.12.37,04a258c162a85c0f4ae56be67634dc43c9a4fa9b,2014/11/7,Resolved
[160],ChangeLog,Drivers,3.17.8,17181fb7a0c3a279196c0eeb2caba65a1519614b,2014/11/13,Resolved
[161],ChangeLog,Drivers,3.12.35,6bab4a8a1888729f17f4923cc5867e4674f66333,2014/11/19,Resolved
[162],ChangeLog,Drivers,3.10.65,6296f4a8eb86f9abcc370fb7a1a116b8441c17fd,2014/11/25,Resolved
[163],ChangeLog,Drivers,3.12.37,8bfbe2de769afda051c56aba5450391670e769fc,2014/11/27,Resolved
[164],ChangeLog,Drivers,3.12.36,5f478b41033606d325e420df693162e2524c2b94,2014/12/9,Resolved
[165],ChangeLog,Drivers,3.12.36,00c83b01d58068dfeb2e1351cca6fccf2a83fa8f,2014/12/11,Resolved
[166],ChangeLog,Drivers,3.10.68,19e2090fb246ca21b3e569ead51a6a7a1748eadd,2014/12/13,Resolved
[167],ChangeLog,Drivers,3.12.41,cb57720bf79688d64854a0a43565aa52303c1f3f,2014/12/19,Resolved
[168],ChangeLog,Drivers,3.10.68,83b0302d347a49f951e904184afe57ac3723476e,2015/1/8,Resolved
[169],ChangeLog,Drivers,3.10.66,2836766a9d0bd02c66073f8dd44796e6cc23848d,2015/1/12,Resolved
[170],ChangeLog,Drivers,3.12.37,b0d11b42785b70e19bc6a3122eead3f7969a7589,2015/1/14,Resolved
[171],ChangeLog,Drivers,3.10.67,121b6a79955a3a3fd7bbb9b8cb88d5b9dad6283d,2015/1/15,Resolved
[172],ChangeLog,Drivers,3.2.67,ebbeba120ab2ec6ac5f3afc1425ec6ff0b77ad6f,2015/1/15,Resolved
[173],ChangeLog,Drivers,3.12.37,ce7514526742c0898b837d4395f515b79dfb5a12,2015/1/19,Resolved
[174],ChangeLog,Drivers,3.18.5,6cf11ee6300f38b7cfc43af9b7be2afaa5e05869,2015/1/21,Resolved
[175],ChangeLog,Drivers,3.18.9,524134d422316a59d5464ccbc12036bbe90c5563,2015/1/25,Resolved
[176],ChangeLog,Drivers,3.19.1,3bb10f60933e84abfe2be69f60b3486f9b96348b,2015/1/28,Resolved
[177],ChangeLog,Drivers,3.14.35,6ffae8c06fab058d6c3f8ecb7f921327721034e7,2015/2/2,Resolved
[178],ChangeLog,Drivers,3.18.10,460822b0b1a77db859b0320469799fa4dbe4d367,2015/2/5,Resolved
[179],ChangeLog,Drivers,3.10.72,2bec1f4a8832e74ebbe859f176d8a9cb20dd97f4,2015/2/18,Resolved
[180],ChangeLog,Drivers,3.10.72,57e595631904c827cfa1a0f7bbd7cc9a49da5745,2015/2/23,Resolved
[181],ChangeLog,Drivers,3.18.9,d4a19eb3b15a4ba98f627182f48d5bc0cffae670,2015/2/25,Resolved
[182],ChangeLog,Drivers,3.10.74,ab7c7bb6f4ab95dbca96fcfc4463cd69843e3e24,2015/2/27,Resolved
[183],ChangeLog,Drivers,3.10.77,08e8331654d1d7b2c58045e549005bc356aa7810,2015/3/6,Resolved
[184],ChangeLog,Drivers,3.10.18,35ed159bfd96a7547ec277ed8b550c7cbd9841b6,2013-10-17?,Resolved
[185],ChangeLog,Drivers,3.10.26,6f6485463aada1ec6a0f3db6a03eb8e393d6bb55,2013/11/25,Resolved
[186],ChangeLog,Drivers,3.10.45,07f4d9d74a04aa7c72c5dae0ef97565f28f17b92,2014/6/18,Resolved
[187],ChangeLog,Drivers,3.6.2,d17344b3547669f5b6ee4fda993d03737a141bd6,2012/10/6,Resolved
[188],ChangeLog,Drivers,3.6.3,128960a9ad67e2d119738f5211956e0304517551,2012/10/15,Resolved
[189],ChangeLog,Drivers,3.5.1,01005a729a17ab419f61a366e22f3419e7a2c3fe,2012/7/6,Resolved
[190],ChangeLog,Drivers,3.12.35,ea9d0d771fcd32cd56070819749477d511ec9117,2014/11/4,Resolved
[191],ChangeLog,Drivers,3.0.58,59866da9e4ae54819e3c4e0a8f426bdb0c2ef993,2012/12/4,Resolved
[192],ChangeLog,Drivers,3.2.38,b98ae2729dea161edc96c9d177459b6c28bcbba5,2013/1/14,Resolved
[193],ChangeLog,File System,3.0.25,86b62a2cb4fc09037bbce2959d2992962396fd7f,2012/3/10,Resolved
[194],ChangeLog,File System,3.0.25,c7b285550544c22bc005ec20978472c9ac7138c6,2012/3/10,Resolved
[195],ChangeLog,File System,3.12.29,2ff396be602f10b5eab8e73b24f20348fa2de159,2014/9/2,Resolved
[196],ChangeLog,File System,3.2.44,4adaa611020fa6ac65b0ac8db78276af4ec04e63,2013/3/26,Resolved
[197],ChangeLog,File System,3.1,a66e7cc626f42de6c745963fe0d807518fa49d39,2011/9/18,Resolved
[198],ChangeLog,File System,3.13.2,90d3e592e99b8e374ead2b45148abf506493a959,2014/1/29,Resolved
[199],ChangeLog,File System,3.18.10,4d884fceaa2c838abb598778813e93f6d9fea723,2015/3/2,Resolved
[200],ChangeLog,File System,3.10.59,42383020beb1cfb05f5d330cc311931bc4917a97,2014/10/3,Resolved
[201],ChangeLog,File System,3.17.8,9dba8cf128ef98257ca719722280c9634e7e9dc7,2014/11/21,Resolved
[202],ChangeLog,File System,3.10.75,e1e9bda22d7ddf88515e8fe401887e313922823e,2015/3/21,Resolved
[203],ChangeLog,File System,3.7.2,ea702b80e0bbb2448e201472127288beb82ca2fe,2012/12/30,Resolved
[204],ChangeLog,File System,3.10.21,76ae281f6307331aa063288edb6422ae99f435f0,2013/11/22,Resolved
[205],ChangeLog,File System,3.1.5,b59db43ad4434519feb338eacb01d77eb50825c5,2011/11/23,Resolved
[206],ChangeLog,File System,3.2.17,e636825346b36a07ccfc8e30946d52855e21f681,2012/3/20,Resolved
[207],ChangeLog,File System,3.14.41,8b01fc86b9f425899f8a3a8fc1c47d73c2c20543,2015/4/19,Resolved
[208],ChangeLog,File System,3.2.14,266991b13890049ee1a6bb95b9817f06339ee3d7,2012/2/20,Resolved
[209],ChangeLog,File System,3.2.14,491caa43639abcffaa645fbab372a7ef4ce2975c,2012/3/5,Resolved
[210],ChangeLog,File System,3.4.44,5d3ee20855e28169d711b394857ee608a5023094,2013/4/4,Resolved
[211],ChangeLog,File System,3.2.33,dee1f973ca341c266229faa5a1a5bb268bed3531,2012/10/10,Resolved
[212],ChangeLog,File System,3.10.69,a41537e69b4aa43f0fea02498c2595a81267383b,2014/10/30,Resolved
[213],ChangeLog,File System,3.10.7,a34eb503742fd25155fd6cff6163daacead9fbc3,2013/7/26,Resolved
[214],ChangeLog,File System,3.1,dccaf33fa37a1bc5d651baeb3bfeb6becb86597b,2011/8/19,Resolved
[215],ChangeLog,File System,3.10.36,00a1a053ebe5febcfc2ec498bd894f035ad2aa06,2014/3/31,Resolved
[216],ChangeLog,File System,3.12.20,622cad1325e404598fe3b148c3fa640dbaabc235,2014/4/11,Resolved
[217],ChangeLog,File System,3.10.26,4e8d2139802ce4f41936a687f06c560b12115247,2013/12/3,Resolved
[218],ChangeLog,File System,3.10.39,ec4cb1aa2b7bae18dd8164f2e9c7c51abcf61280,2014/4/7,Resolved
[219],ChangeLog,File System,3.10.65,9c6ac78eb3521c5937b2dd8a7d1b300f41092f45,2014/11/4,Resolved
[220],ChangeLog,File System,3.0.97,4a4ac4eba1010ef9a804569058ab29e3450c0315,2013/9/3,Resolved
[221],ChangeLog,File System,3.10.16,0ab08f576b9e6a6b689fc6b4e632079b978e619b,2013/9/18,Resolved
[222],ChangeLog,File System,3.10.16,bde52788bdb755b9e4b75db6c434f30e32a0ca0b,2013/9/18,Resolved
[223],ChangeLog,File System,3.12.7,9290a9a7c0bcf5400e8dbfbf9707fa68ea3fb338,2013/12/13,Resolved
[224],ChangeLog,File System,3.12.34,d7bdb996aef67ea24c62707ca4e29b07025e9683,2014/4/3,Resolved
[225],ChangeLog,File System,3.12.34,5f16f3225b06242a9ee876f07c1c9b6ed36a22b6,2014/3/24,Resolved
[226],ChangeLog,File System,3.1,bb189247f35688a3353545902c56290fb7d7754a,2011/6/27,Resolved
[227],ChangeLog,File System,3.2.45,794446c6946513c684d448205fbd76fa35f38b72,2013/4/4,Resolved
[228],ChangeLog,File System,3.0.59,d7961c7fa4d2e3c3f12be67e21ba8799b5a7238a,2012/12/21,Resolved
[229],ChangeLog,File System,3.4.38,ad56edad089b56300fd13bb9eeb7d0424d978239,2013/3/11,Resolved
[230],ChangeLog,File System,3.0.87,39c04153fda8c32e85b51c96eb5511a326ad7609,2013/7/1,Resolved
[231],ChangeLog,File System,3.0.81,73aaa22d5ffb2630456bac2f9a4ed9b81d0d7271,2013/5/1,Resolved
[232],ChangeLog,File System,3.6.5,a4ee8d978e47e79d536226dccb48991f70091168,2012/10/24,Resolved
[233],ChangeLog,File System,3.10.66,06bed7d18c2c07b3e3eeadf4bd357f6e806618cc,2015/1/6,Resolved
[234],ChangeLog,File System,3.0.88,1c327d962fc420aea046c16215a552710bde8231,2013/7/11,Resolved
[235],ChangeLog,File System,3.10.34,755a48a7a4eb05b9c8424e3017d947b2961a60e0,2014/3/3,Resolved
[236],ChangeLog,File System,3.12.17,d529ef83c355f97027ff85298a9709fe06216a66,2014/1/27,Resolved
[237],ChangeLog,File System,3.12.17,4db72b40fdbc706f8957e9773ae73b1574b8c694,2014/1/28,Resolved
[238],ChangeLog,File System,3.12.17,1f90ee27461e31a1c18e5d819f6ea6f5c7304b16,2014/1/13,Resolved
[239],ChangeLog,File System,3.12.17,17dfeb9113397a6119091a491ef7182649f0c5a9,2014/1/28,Resolved
[240],ChangeLog,File System,3.10.56,080af20cc945d110f9912d01cf6b66f94a375b8d,2014/9/18,Resolved
[241],ChangeLog,File System,3.10.62,c6c15e1ed303ffc47e696ea1c9a9df1761c1f603,2014/11/19,Resolved
[242],ChangeLog,File System,3.18.13,c5952338bfc234e54deda45b7228f610a545e28a,2015/3/26,Resolved
[243],ChangeLog,File System,3.18.13,340f0ba1c6c8412aa35fd6476044836b84361ea6,2015/3/26,Resolved
[244],ChangeLog,File System,3.10.65,705304a863cc41585508c0f476f6d3ec28cf7e00,2014/12/11,Resolved
[245],ChangeLog,File System,3.4.83,7f42ec3941560f0902fe3671e36f2c20ffd3af0a,2013/9/30,Resolved
[246],ChangeLog,File System,3.10.39,ded2cf71419b9353060e633b59e446c42a6a2a09,2014/4/3,Resolved
[247],ChangeLog,File System,3.10.24,b0d8d2292160bb63de1972361ebed100c64b5b37,2013/12/2,Resolved
[248],ChangeLog,File System,3.8.9,f2530dc71cf0822f90bb63ea4600caaef33a66bb,2013/4/12,Resolved
[249],ChangeLog,File System,3.1,293eb1e7772b25a93647c798c7b89bf26c2da2e0,2011/7/26,Resolved
[250],ChangeLog,File System,3.18.10,7e0e953bb0cf649f93277ac8fb67ecbb7f7b04a9,2015/2/22,Resolved
[251],ChangeLog,File System,3.12.24,d4c54919ed86302094c0ca7d48a8cbd4ee753e92,2014/6/6,Resolved
[252],ChangeLog,File System,3.12.41,05fbf357d94152171bc50f8a369390f1f16efd89,2015/2/12,Resolved
[253],ChangeLog,File System,3.10.33,1362f4ea20fa63688ba6026e586d9746ff13a846,2014/2/20,Resolved
[254],ChangeLog,File System,3.10.47,22e7478ddbcb670e33fab72d0bbe7c394c3a2c84,2014/5/21,Resolved
[255],ChangeLog,File System,3.14.11,22e7478ddbcb670e33fab72d0bbe7c394c3a2c84,2014/5/21,Resolved
[256],ChangeLog,File System,3.0.72,991f76f837bf22c5bb07261cfd86525a0a96650c,2013/3/20,Resolved
[257],ChangeLog,File System,3.10.47,691a7c6f28ac90cccd0dbcf81348ea90b211bdd0,2014/5/13,Resolved
[258],ChangeLog,File System,3.10.60,052c28073ff26f771d44ef33952a41d18dadd255,2014/9/8,Resolved
[259],ChangeLog,File System,3.0.11,c58cb165bd44de8aaee9755a144136ae743be116,2011/10/12,Resolved
[260],ChangeLog,File System,3.1,7a249cf83da1813cfa71cfe1e265b40045eceb47,2011/7/8,Resolved
[261],ChangeLog,File System,3.0.27,f30d500f809eca67a21704347ab14bb35877b5ee,2012/3/15,Resolved
[262],ChangeLog,IO,3.10.8,d50235b7bc3ee0a0427984d763ea7534149531b4,2013/7/3,Resolved
[263],ChangeLog,IO,3.10.55,2a1b4cf2331d92bc009bf94fa02a24604cdaf24c,2014/7/16,Resolved
[264],ChangeLog,IO,3.10.23,eb1c160b22655fd4ec44be732d6594fd1b1e44f4,2013/11/8,Resolved
[265],ChangeLog,IO,3.2.35,893d290f1d7496db97c9471bc352ad4a11dc8a25,2012/11/23,Resolved
[266],ChangeLog,IO,3.16.4,683d0e126232d898a481daa3a4ca032c2b1a9660,2014/9/22,Resolved
[267],ChangeLog,IO,3.18.3,c38d185d4af12e8be63ca4b6745d99449c450f12,2014/12/9,Resolved
[268],ChangeLog,IO,3.0.16,5eb46851de3904cd1be9192fdacb8d34deadc1fc,2011/12/2,Resolved
[269],ChangeLog,IO,3.0.25,9f53d2fe815b4011ff930a7b6db98385d45faa68,2012/3/2,Resolved
[270],ChangeLog,IO,3.2.40,ce23bba842aee98092225d9576dba47c82352521,2013/2/28,Resolved
[271],ChangeLog,Memory Management,3.0.97,a8f531ebc33052642b4bd7b812eedf397108ce64,2013/9/11,Resolved
[272],ChangeLog,Memory Management,3.8.3,37f47e3d62533c931b04cb409f2eb299e6342331,2013/3/3,Resolved
[273],ChangeLog,Memory Management,3.17.5,070e76cb3ffe43f6855492e77c96680c562598f0,2014/11/27,Resolved
[274],ChangeLog,Memory Management,3.0.33,d5e50a51ccbda36b379aba9d1131a852eb908dda,2012/5/16,Resolved
[275],ChangeLog,Memory Management,3.18.9,cbef8478bee55775ac312a574aad48af7bb9cf9f,2015/2/12,Resolved
[276],ChangeLog,Memory Management,3.0.43,eb48c071464757414538c68a6033c8f8c15196f8,2012/8/21,Resolved
[277],ChangeLog,Memory Management,3.0.39,a77ebd333cd810d7b680d544be88c875131c2bd3,2012/1/13,Resolved
[278],ChangeLog,Memory Management,3.0.21,99f02ef1f18631eb0a4e0ea0a3d56878dbcb4b90,2012/2/4,Resolved
[279],ChangeLog,Memory Management,3.12.39,e66f17ff71772b209eed39de35aaa99ba819c93d,2015/2/12,Resolved
[280],ChangeLog,Memory Management,3.0.24,1c641e84719429bbfe62a95ed3545ee7fe24408f,2012/3/5,Resolved
[281],ChangeLog,Memory Management,3.12.36,b5a8cad376eebbd8598642697e92a27983aee802,2014/4/18,Resolved
[282],ChangeLog,Memory Management,3.3.3,66aebce747eaf9bc456bf1f1b217d8db843031d0,2012/4/12,Resolved
[283],ChangeLog,Memory Management,3.0.32,4998a6c0edce7fae9c0a5463f6ec3fa585258ee7,2012/5/10,Resolved
[284],ChangeLog,Memory Management,3.0.41,d833352a4338dc31295ed832a30c9ccff5c7a183,2012/8/1,Resolved
[285],ChangeLog,Memory Management,3.12.39,a8bda28d87c38c6aa93de28ba5d30cc18e865a11,2015/2/12,Resolved
[286],ChangeLog,Memory Management,3.12.40,0f792cf949a0be506c2aa8bfac0605746b146dda,2015/2/12,Resolved
[287],ChangeLog,Memory Management,3.1,79dfdaccd1d5b40ff7cf4a35a0e63696ebb78b4d,2011/7/26,Resolved
[288],ChangeLog,Memory Management,3.1,9f50fad65b87a8776ae989ca059ad6c17925dfc3,2011/8/10,Resolved
[289],ChangeLog,Memory Management,3.9.5,28ccddf7952c496df2a51ce5aee4f2a058a98bab,2013/5/24,Resolved
[290],ChangeLog,Memory Management,3.12.6,96f1c58d853497a757463e0b57fed140d6858f3a,2013/12/13,Resolved
[291],ChangeLog,Memory Management,3.17.3,d7365e783edb858279be1d03f61bc8d5d3383d90,2014/10/29,Resolved
[292],ChangeLog,Memory Management,3.18.3,2d6d7f98284648c5ed113fe22a132148950b140f,2015/1/8,Resolved
[293],ChangeLog,Memory Management,3.10.31,f15bdfa802bfa5eb6b4b5a241b97ec9fa1204a35,2013/7/3,Resolved
[294],ChangeLog,Memory Management,3.10.30,54b9dd14d09f24927285359a227aa363ce46089e,2014/1/24,Resolved
[295],ChangeLog,Memory Management,3.10.42,b985194c8c0a130ed155b71662e39f7eaea4876f,2014/5/23,Resolved
[296],ChangeLog,Memory Management,3.10.43,3e030ecc0fc7de10fd0da10c1c19939872a31717,2014/5/23,Resolved
[297],ChangeLog,Memory Management,3.12.39,9ab3b598d2dfbdb0153ffa7e4b1456bbff59a25d,2015/2/13,Resolved
[298],ChangeLog,Memory Management,3.2.63,e7b691b085fda913830e5280ae6f724b2a63c824,2012/6/20,Resolved
[299],ChangeLog,Memory Management,3.0.46,b22d127a39ddd10d93deee3d96e643657ad53a49,2012/10/9,Resolved
[300],ChangeLog,Memory Management,3.0.46,00442ad04a5eac08a98255697c510e708f6082e2,2012/10/9,Resolved
[301],ChangeLog,Memory Management,3.10.19,3f926ab945b60a5824369d21add7710622a2eac0,2013/10/29,Resolved
[302],ChangeLog,Memory Management,3.0.73,b6a9b7f6b1f21735a7456d534dc0e68e61359d2c,2013/4/4,Resolved
[303],ChangeLog,Memory Management,3.0.41,3ad3d901bbcfb15a5e4690e55350db0899095a68,2012/8/1,Resolved
[304],ChangeLog,Memory Management,3.0.67,751efd8610d3d7d67b7bdf7f62646edea7365dd7,2013/2/24,Resolved
[305],ChangeLog,Memory Management,3.0.81,d34883d4e35c0a994e91dd847a82b4c9e0c31d83,2013/5/24,Resolved
[306],ChangeLog,Memory Management,3.10.42,dd18dbc2d42af75fffa60c77e0f02220bc329829,2014/5/11,Resolved
[307],ChangeLog,Memory Management,3.10.56,1da4db0cd5c8a31d4468ec906b413e75e604b465,2014/1/22,Resolved
[308],ChangeLog,Memory Management,3.10.60,5695be142e203167e3cb515ef86a88424f3524eb,2014/10/21,Resolved
[309],ChangeLog,Memory Management,3.17.4,ad53f92eb416d81e469fa8ea57153e59455e7175,2014/11/14,Resolved
[310],ChangeLog,Memory Management,3.12.36,f72e7dcdd25229446b102e587ef2f826f76bff28,2014/6/23,Resolved
[311],ChangeLog,Memory Management,3.1,54af60421822bb9cb664dd5cd7aac46c01ccfcf8,2011/8/4,Resolved
[312],ChangeLog,Memory Management,3.1,6922c0c7abd387374255801f7739624867e8acad,2011/8/4,Resolved
[313],ChangeLog,Memory Management,3.2.35,0f3c42f522dc1ad7e27affc0a4aa8c790bce0a66,2012/11/16,Resolved
[314],ChangeLog,Memory Management,3.10.29,27c73ae759774e63313c1fbfeb17ba076cea64c5,2013/11/22,Resolved
[315],ChangeLog,Memory Management,3.12.12,f893ab41e4dae2fe8991faf5d86d029068d1ef3a,2014/2/6,Resolved
[316],ChangeLog,Memory Management,3.12.36,91b57191cfd152c02ded0745250167d0263084f8,2014/12/3,Resolved
[317],ChangeLog,Memory Management,3.1,acf92b485cccf028177f46918e045c0c4e80ee10,2011/7/20,Resolved
[318],ChangeLog,Networking,3.0.13,a042994dd377d86bff9446ee76151ceb6267c9ba,2011/11/30,Resolved
[319],ChangeLog,Networking,3.3.6,b37c0fbe3f6dfba1f8ad2aed47fb40578a254635,2012/3/13,Resolved
[320],ChangeLog,Networking,3.0.29,94324962066231a938564bebad0f941cd2d06bb2,2012/3/28,Resolved
[321],ChangeLog,Networking,3.7.2,f8e8f97c11d5ff3cc47d85b97c7c35e443dcf490,2012/12/11,Resolved
[322],ChangeLog,Networking,3.13.6,08bf0ed29c7ded45c477d08618220dd200c3524a,2014/2/17,Resolved
[323],ChangeLog,Networking,3.4.20,a2a3258417eb6a1799cf893350771428875a8287,2012/7/30,Resolved
[324],ChangeLog,Networking,3.4.20,89a86be0ce20022f6ede8bccec078dbb3d63caaa,2012/6/15,Resolved
[325],ChangeLog,Networking,3.4.20,456ea46865787283088b23a8a7f69244513b95f0,2012/7/6,Resolved
[326],ChangeLog,Networking,3.4.20,8636ea672f0c5ab7478c42c5b6705ebd1db7eb6a,2012/7/31,Resolved
[327],ChangeLog,Networking,3.4.20,6d4221b53707486dfad3f5bfe568d2ce7f4c9863,2012/8/21,Resolved
[328],ChangeLog,Networking,3.4.20,35f9f8a09e1e88e31bd34a1e645ca0e5f070dd5c,2012/5/19,Resolved
[329],ChangeLog,Networking,3.10.35,9a1ea2dbff11547a8e664f143c1ffefc586a577a,2013/12/13,Resolved
[330],ChangeLog,Networking,3.0.72,00cfec37484761a44a3b6f4675a54caa618210ae,2013/3/29,Resolved
[331],ChangeLog,Networking,3.8.1,ecd9883724b78cc72ed92c98bcb1a46c764fff21,2013/2/20,Resolved
[332],ChangeLog,Networking,3.0.25,84338a6c9dbb6ff3de4749864020f8f25d86fc81,2012/2/21,Resolved
[333],ChangeLog,Networking,3.10.4,c9ab4d85de222f3390c67aedc9c18a50e767531e,2013/7/1,Resolved
[334],ChangeLog,Networking,3.12.21,200b916f3575bdf11609cb447661b8d5957b0bbf,2014/5/15,Resolved
[335],ChangeLog,Networking,3.0.30,110c43304db6f06490961529536c362d9ac5732f,2012/4/6,Resolved
[336],ChangeLog,Networking,3.10.45,9709674e68646cee5a24e3000b3558d25412203a,2014/6/11,Resolved
[337],ChangeLog,Networking,3.0.34,e49cc0da7283088c5e03d475ffe2fdcb24a6d5b1,2012/5/24,Resolved
[338],ChangeLog,Networking,3.9.3,b56141ab34e2c3e2d7960cea12c20c99530c0c76,2013/5/6,Resolved
[339],ChangeLog,Networking,3.10.37,24b9bf43e93e0edd89072da51cf1fab95fc69dec,2014/3/6,Resolved
[340],ChangeLog,Networking,3.17.4,65ba1f1ec0eff1c25933468e1d238201c0c2cb29,2014/10/29,Resolved
[341],ChangeLog,Networking,3.1,6d1a3e042f55861a785527a35a6f1ab4217ee810,2011/7/12,Resolved
[342],ChangeLog,Networking,3.2.52,55432d2b543a4b6dfae54f5c432a566877a85d90,2012/6/6,Resolved
[343],ChangeLog,Networking,3.10.50,f88649721268999bdff09777847080a52004f691,2014/6/26,Resolved
[344],ChangeLog,Networking,3.0.44,acbb219d5f53821b2d0080d047800410c0420ea1,2012/8/30,Resolved
[345],ChangeLog,Networking,3.10.70,fc752f1f43c1c038a2c6ae58cc739ebb5953ccb0,2015/1/27,Resolved
[346],ChangeLog,Networking,3.6.4,ee9a8f7ab2edf801b8b514c310455c94acc232f6,2012/10/8,Resolved
[347],ChangeLog,Networking,3.10.23,dcdfdf56b4a6c9437fc37dbc9cee94a788f9b0c4,2013/11/20,Resolved
[348],ChangeLog,Networking,3.0.52,8f363b77ee4fbf7c3bbcf5ec2c5ca482d396d664,2012/11/1,Resolved
[349],ChangeLog,Networking,3.1,f2c31e32b378a6653f8de606149d963baf11d7d3,2011/8/3,Resolved
[350],ChangeLog,Networking,3.0.21,net:fixNULLdereferencesincheck_peer_redir(),2012/3/27,Resolved
[351],ChangeLog,Networking,3.0.37,d189634ecab947c10f6f832258b103d0bbfe73cc,2012/6/19,Resolved
[352],ChangeLog,Networking,3.0.79,f77d602124d865c38705df7fa25c03de9c284ad2,2013/5/11,Resolved
[353],ChangeLog,Networking,3.2.23,4399a4df98a63e30fd16e9d0cecc46ea92269e8f,2012/6/8,Resolved
[354],ChangeLog,Networking,3.10.58,eed4d839b0cdf9d84b0a9bc63de90fd5e1e886fb,2014/9/5,Resolved
[355],ChangeLog,Networking,3.0.13,2a1e0fd175dcfd72096ba9291d31e3b1b5342e60,2011/11/28,Resolved
[356],ChangeLog,Networking,3.0.14,d305a6557b2c4dca0110f05ffe745b1ef94adb80,2011/11/28,Resolved
[357],ChangeLog,Networking,3.1.8,15062e6a8524f5977f2cbdf6e3eb2f144262f74e,2011/12/7,Resolved
[358],ChangeLog,Networking,3.14.6,c52666aef9f2dff39276eb53f15d99e2e229870f,2014/5/13,Resolved
[359],ChangeLog,Networking,3.4.3,794454ce72a298de6f4536ade597bdcc7dcde7c7,2012/6/4,Resolved
[360],ChangeLog,Networking,3.10.34,1d147bfa64293b2723c4fec50922168658e613ba,2014/2/20,Resolved
[361],ChangeLog,Networking,3.0.31,66f2c99af3d6f2d0aa1120884cf1c60613ef61c0,2012/4/30,Resolved
[362],ChangeLog,Networking,3.17.5,5195c14c8b27cc0b18220ddbf0e5ad3328a04187,2014/11/14,Resolved
[363],ChangeLog,Networking,3.18.5,8ca3f5e974f2b4b7f711589f4abff920db36637a,2015/1/6,Resolved
[364],ChangeLog,Networking,3.8.13,c2d421e171868586939c328dfb91bab840fe4c49,2013/4/12,Resolved
[365],ChangeLog,Networking,3.10.61,945b2b2d259d1a4364a2799e80e8ff32f8c6ee6f,2014/6/16,Resolved
[366],ChangeLog,Networking,3.19.3,8670c3a55e91cb27a4b4d4d4c4fa35b0149e1abf,2015/3/4,Resolved
[367],ChangeLog,Networking,3.7.6,09181842b000344b1205801df3aa5b726c03cc62,2012/12/26,Resolved
[368],ChangeLog,Networking,3.0.92,58ad436fcf49810aa006016107f494c9ac9013db,2013/8/13,Resolved
[369],ChangeLog,Networking,3.10.23,e40526cb20b5ee53419452e1f03d97092f144418,2013/11/21,Resolved
[370],ChangeLog,Networking,3.12.8,66e56cd46b93ef407c60adcac62cf33b06119d50,2013/12/10,Resolved
[371],ChangeLog,Networking,3.10.41,1e1cdf8ac78793e0875465e98a648df64694a8d0,2014/4/9,Resolved
[372],ChangeLog,Networking,3.2.67,2061dcd6bff8b774b4fac8b0739b6be3f87bc9f2,2015/1/18,Resolved
[373],ChangeLog,Networking,3.12.14,9eb2ddb48ce3a7bd745c14a933112994647fa3cd,2014/2/16,Resolved
[374],ChangeLog,Networking,3.2.46,a3c3cac5d31879cd9ae2de7874dc6544ca704aec,2013/5/22,Resolved
[375],ChangeLog,Networking,3.12.15,93dc41bdc5c853916610576c6b48a1704959c70d,2013/10/31,Resolved
[376],ChangeLog,Networking,3.10.33,06ea0bfe6e6043cb56a78935a19f6f8ebc636226,2014/2/11,Resolved
[377],ChangeLog,Networking,3.0.72,ded34e0fe8fe8c2d595bfa30626654e4b87621e0,2013/3/25,Resolved
[378],ChangeLog,Networking,3.12.24,21ee543edc0dea36ab58d24523fcd42b8a270df8,2014/6/3,Resolved
[379],ChangeLog,Process Management,3.10.17,53dad6d3a8e5ac1af8bacc6ac2134ae1a8b085f1,2013/9/24,Resolved
[380],ChangeLog,Process Management,3.10.17,4271b05a227dc6175b66c3d9941aeab09048aeb2,2013/9/30,Resolved
[381],ChangeLog,Process Management,3.4.85,6062a8dc0517bce23e3c2f7d2fea5e22411269a3,2013/5/1,Resolved
[382],ChangeLog,Process Management,3.1,d694ad62bf539dbb20a0899ac2a954555f9e4a83,2011/7/26,Resolved
[383],ChangeLog,Process Management,3.10.17,5e9d527591421ccdb16acb8c23662231135d8686,2013/9/30,Resolved
[384],ChangeLog,Process Management,3.10.17,d8c633766ad88527f25d9f81a5c2f083d78a2b39,2013/9/30,Resolved
[385],ChangeLog,Process Management,3.12.38,2e094abfd1f29a08a60523b42d4508281b8dee0e,2014/12/13,Resolved
[386],ChangeLog,Process Management,3.10.21,a399b29dfbaaaf91162b2dc5a5875dd51bbfa2a1,2013/11/22,Resolved
[387],ChangeLog,Process Management,3.7.5,f56c3196f251012de9b3ebaff55732a9074fdaae,2013/1/23,Resolved
[388],ChangeLog,Process Management,3.0.68,71b5707e119653039e6e95213f00479668c79b75,2013/2/18,Resolved
[389],ChangeLog,Process Management,3.10.2,1c8158eeae0f37d0eee9f1fbe68080df6a408df2,2013/6/18,Resolved
[390],ChangeLog,Process Management,3.10.6,084457f284abf6789d90509ee11dae383842b23b,2013/6/18,Resolved
[391],ChangeLog,Process Management,3.12.16,0ab02ca8f887908152d1a96db5130fc661d36a1e,2014/2/11,Resolved
[392],ChangeLog,Process Management,3.12.14,532de3fc72adc2a6525c4d53c07bf81e1732083d,2014/2/18,Resolved
[393],ChangeLog,Process Management,3.15.6,3a32bd72d77058d768dbb38183ad517f720dd1bc,2014/6/30,Resolved
[394],ChangeLog,Process Management,3.0.17,79cfbdfa87e84992d509e6c1648a18e1d7e68c20,2011/11/4,Resolved
[395],ChangeLog,Process Management,3.0.68,63f43f55c9bbc14f76b582644019b8a07dc8219a,2013/2/18,Resolved
[396],ChangeLog,Process Management,3.10.34,99afb0fd5f05aac467ffa85c36778fec4396209b,2014/2/27,Resolved
[397],ChangeLog,Process Management,3.0.44,a6fa941d94b411bbd2b6421ffbde6db3c93e65ab,2012/9/4,Resolved
[398],ChangeLog,Process Management,3.10.43,46ce0fe97a6be7532ce6126bb26ce89fed81528c,2014/5/7,Resolved
[399],ChangeLog,Process Management,3.10.56,3577af70a2ce4853d58e57d832e687d739281479,2014/9/9,Resolved
[400],ChangeLog,Process Management,3.0.16,50b8d257486a45cba7b65ca978986ed216bbcc10,2012/1/4,Resolved
[401],ChangeLog,Process Management,3.10.38,dfccbb5e49a621c1b21a62527d61fc4305617aca,2014/4/7,Resolved
[402],ChangeLog,Process Management,3.18.3,3245d6acab981a2388ffb877c7ecc97e763c59d4,2015/1/8,Resolved
[403],ChangeLog,Process Management,3.2.31,b5740f4b2cb3503b436925eb2242bc3d75cd3dfe,2012/1/27,Resolved
[404],ChangeLog,Process Management,3.5.4,c7a3a88c938fbe3d70c2278e082b80eb830d1c58,2012/8/21,Resolved
[405],ChangeLog,Process Management,3.14.1,69cd9eba38867a493a043bb13eb9b33cad5f1a9a,2014/4/9,Resolved
[406],ChangeLog,Process Management,3.17.3,30a6b8031fe14031ab27c1fa3483cb9780e7f63c,2014/10/26,Resolved
[407],ChangeLog,Process Management,3.0.38,5baefd6d84163443215f4a99f6a20f054ef11236,2012/7/11,Resolved
[408],ChangeLog,Process Management,3.0.67,b22affe0aef429d657bc6505aacb1c569340ddd2,2013/2/5,Resolved
[409],ChangeLog,Virtualization,3.10.60,2febc839133280d5a5e8e1179c94ea674489dae2,2014/10/24,Resolved
[410],ChangeLog,Virtualization,3.3.6,6dbf79e7164e9a86c1e466062c48498142ae6128,2012/3/8,Resolved
[411],ChangeLog,Virtualization,3.12.42,71afaba4a2e98bb7bdeba5078370ab43d46e67a1,2014/9/19,Resolved
[412],ChangeLog,Virtualization,3.2.19,21a1416a1c945c5aeaeaf791b63c64926018eb77,2012/4/19,Resolved
[413],ChangeLog,Others,3.9.5,a950549c675f2c8c504469dec7d780da8a6433dc,2013/5/23,Resolved
[414],ChangeLog,Others,3.0.21,247f4993a5974e6759606c4d380748eecfd273ff,2012/2/2,Resolved
[415],ChangeLog,Others,3.0.56,5d3df935426271016b895aecaa247101b4bfa35e,2012/11/21,Resolved
[416],ChangeLog,Others,3.18.5,8f1e8ee28660018a935c7576b9af8ffe1feab54c,2015/1/17,Resolved
[417],ChangeLog,Others,3.0.38,8265981bb439f3ecc5356fb877a6c2a6636ac88a,2012/7/13,Resolved
[418],ChangeLog,Others,3.14.25,899d5933b2dd2720f2b20b01eaa07871aa6ad096,2014/11/13,Resolved
[419],ChangeLog,Others,3.10.55,608308682addfdc7b8e2aee88f0e028331d88e4d,2014/8/19,Resolved
[420],ChangeLog,Others,3.18.9,fde3538a8a711aedf1173ecb2d45aed868f51c97,2015/2/16,Resolved
[421],ChangeLog,Others,3.9.3,f0a18819e261afc5fdbd8c5c6f9943123c5461ba,2013/5/11,Resolved
[422],ChangeLog,Others,3.0.59,ce73ec6db47af84d1466402781ae0872a9e7873c,2013/1/3,Resolved
[423],ChangeLog,Others,3.1,89c9b66b104549a8698e412bf6f4140c1d0786fb,2011/7/24,Resolved
[424],ChangeLog,Others,3.10.26,20841405940e7be0617612d521e206e4b6b325db,2013/12/19,Resolved
[425],ChangeLog,Others,3.10.53,49b6c01f4c1de3b5e5427ac5aba80f9f6d27837a,2014/5/2,Resolved
[426],ChangeLog,Others,3.0.23,15d8791cae75dca27bfda8ecfe87dca9379d6bb0,2012/2/16,Resolved
[427],ChangeLog,Others,3.0.46,027ef6c87853b0a9df53175063028edb4950d476,2012/10/9,Resolved
[428],ChangeLog,Others,3.0.34,26c191788f18129af0eb32a358cdaea0c7479626,2012/5/29,Resolved
[429],ChangeLog,Others,3.1,ac619f4eba45da10053fc991f8a5d47b3be79fa3,2011/7/21,Resolved
[430],ChangeLog,Others,3.0.68,9899d11f654474d2d54ea52ceaa2a1f4db3abd68,2013/1/22,Resolved
[431],ChangeLog,Others,3.0.27,1a5a9906d4e8d1976b701f889d8f35d54b928f25,2012/3/22,Resolved
[432],ChangeLog,Others,3.0.16,e30e2fdfe56288576ee9e04dbb06b4bd5f282203,2011/12/22,Resolved
[433],ChangeLog,Others,3.0.39,f80c0673610e36ae29d63e3297175e22f70dde5f,2011/11/1,Resolved
[434],ChangeLog,Others,3.10.46,4e52365f279564cef0ddd41db5237f0471381093,2014/6/6,Resolved
[435],ChangeLog,Others,3.0.13,550acb19269d65f32e9ac4ddb26c2b2070e37f1c,2011/12/2,Resolved
[436],ChangeLog,Others,3.12.37,c291ee622165cb2c8d4e7af63fffd499354a23be,2014/12/13,Resolved
[437],ChangeLog,Others,3.3.2,247bc03742545fec2f79939a3b9f738392a0f7b4,2012/3/28,Resolved
[438],ChangeLog,Others,3.1.6,a33caeb118198286309859f014c0662f3ed54ed4,2011/12/6,Resolved
[439],ChangeLog,Others,3.10.49,27e35715df54cbc4f2d044f681802ae30479e7fb,2014/6/16,Resolved
[440],ChangeLog,Others,3.9.5,944a1fa01266aa9ace607f29551b73c41e9440e9,2013/4/17,Resolved
[441],ChangeLog,Others,3.3.2,1e73203cd1157a03facc41ffb54050f5b28e55bd,2012/3/28,Resolved
[442],ChangeLog,Others,3.10.50,4320f6b1d9db4ca912c5eb6ecb328b2e090e1586,2014/7/15,Resolved
[443],ChangeLog,Others,3.1,4f2a8d3cf5e0486fd547633fa86c5d130ae98cad,2011/6/22,Resolved
[444],ChangeLog,Others,3.14.41,b72c186999e689cb0b055ab1c7b3cd8fffbeb5ed,2015/4/17,Resolved
[445],ChangeLog,Others,3.0.74,a1cbcaa9ea87b87a96b9fc465951dcf36e459ca2,2013/4/8,Resolved
[446],ChangeLog,Others,3.0.44,8323f26ce3425460769605a6aece7a174edaa7d1,2012/7/24,Resolved
[447],ChangeLog,Others,3.10.26,e0acd0a68ec7dbf6b7a81a87a867ebd7ac9b76c4,2013/8/13,Resolved
[448],ChangeLog,Others,3.14.7,0f397f2c90ce68821ee864c2c53baafe78de765d,2014/6/5,Resolved
[449],ChangeLog,Others,3.10.14,6c9a27f5da9609fca46cb2b183724531b48f71ad,2013/9/12,Resolved
[450],ChangeLog,Others,3.10.69,4bee96860a65c3a62d332edac331b3cf936ba3ad,2015/1/23,Resolved
[451],ChangeLog,Others,3.13.8,177c53d943368fc97644ebc0a250dc8e2d124250,2014/3/11,Resolved
[452],ChangeLog,Others,3.10.63,336ae1180df5f69b9e0fb6561bec01c5f64361cf,2013/6/17,Resolved
[453],ChangeLog,Others,3.4.38,e5ab012c3271990e8457055c25cafddc1ae8aa6b,2013/2/21,Resolved
[454],ChangeLog,Others,3.0.38,f6c06abfb3972ad4914cef57d8348fcb2932bc3b,2012/7/11,Resolved
[455],ChangeLog,Others,3.10.10,195a8afc7ac962f8da795549fe38e825f1372b0d,2013/7/24,Resolved
[456],ChangeLog,Others,3.10.30,a4c35ed241129dd142be4cadb1e5a474a56d5464,2014/1/13,Resolved
[457],ChangeLog,Others,3.2.56,7614c3dc74733dff4b0e774f7a894b9ea6ec508c,2013/6/11,Resolved
[458],ChangeLog,Others,3.0.59,9366c1ba13fbc41bdb57702e75ca4382f209c82f,2012/11/30,Resolved
[459],ChangeLog,Others,3.10.56,4ce97dbf50245227add17c83d87dc838e7ca79d0,2014/8/26,Resolved
[460],ChangeLog,Others,3.0.71,2721e72dd10f71a3ba90f59781becf02638aa0d9,2013/3/12,Resolved
[461],ChangeLog,Others,3.10.3,ff451961a8b2a17667a7bfa39c86fb9b351445db,2013/7/2,Resolved
[462],ChangeLog,Others,3.10.3,8e2e2fa47129532a30cff6c25a47078dc97d9260,2013/7/2,Resolved
[463],ChangeLog,Others,3.10.3,2a6c24afab70dbcfee49f4c76e1511eec1a3298b,2013/7/3,Resolved
[464],ChangeLog,Others,3.10.10,40c32592668b727cbfcf7b1c0567f581bd62a5e4,2013/8/1,Resolved
[465],ChangeLog,Others,3.10.10,c6c2401d8bbaf9edc189b4c35a8cb2780b8b988e,2013/8/1,Resolved
[466],ChangeLog,Others,3.1,fa2563e41c3d6d6e8af437643981ed28ae0cb56d,2011/9/15,Resolved
[467],ChangeLog,Others,3.0.81,ac5a2962b02f57dea76d314ef2521a2170b28ab6,2013/5/21,Resolved
[468],ChangeLog,Others,3.2.44,a49b7e82cab0f9b41f483359be83f44fbb6b4979,2013/4/13,Resolved
[469],ChangeLog,Others,3.2.35,201e72acb2d3821e2de9ce6091e98859c316b29a,2012/11/6,Resolved
[470],ChangeLog,Others,3.10.67,a3a8784454692dd72e5d5d34dcdab17b4420e74c,2015/1/5,Resolved
[471],ChangeLog,Others,3.0.69,0da9dfdd2cd9889201bc6f6f43580c99165cd087,2013/3/12,Resolved
[472],ChangeLog,Others,3.10.28,3dc91d4338d698ce77832985f9cb183d8eeaf6be,2014/1/12,Resolved
[473],ChangeLog,Others,3.10.60,923190d32de4428afbea5e5773be86bea60a9925,2014/10/15,Resolved
[474],ChangeLog,Others,3.0.17,68f760945cb704f4a9d0ae7c4abc9e41ca30aa91,—,Resolved
[475],ChangeLog,Others,3.2.1,—,—,Resolved
[476],ChangeLog,Others,3.2.57,—,—,Resolved
[477],ChangeLog,Others,3.4.26,—,—,Resolved
